sample_idx,tweet_pos,tweet_id,text,n_raters,majority_label,majority_vote_count,majority_vote_share,is_tie,tied_labels,label_counts_json
18,0,1475246429920800779,"@[user] 👏👏👏😂😂😂#energija...
#NisamPrijavila jer me niko nikad nije zlostavljao posto sam sama, a sebe niko ne prijavljuje...",7,Emocionalno neutralno,3,0.4286,false,,"{""radost"": 2, ""Emocionalno neutralno"": 3, ""Ne mogu da razumem"": 2}"
18,1,1475464657313972224,"#NisamPrijavila i ne znam da li ću ikada.
Zato što se bojim za svoj život.
Zato što sam godinama psihički zlostavljana i ne znam da li imam snage da prijavim.
Zato što je mala opština i poznaje sve policajce koji su mu i prijatelji.
Zato što me nije nikada 'jako' udario, kako  ⬇️",7,strah,7,1.0000,false,,"{""strah"": 7}"
18,2,1475199244525056006,"Zastrasujuca i porazavajuca je kolicina  #nisamprijavila tvitova. 😔

NE znaci NE, i tu nema nikakve polemike, to mora da se utuvi muskarcima u glavu od malena",7,bes,3,0.4286,false,,"{""bes"": 3, ""tuga"": 2, ""strah"": 1, ""Ne mogu da razumem"": 1}"
18,3,1475378419517075457,"#nisamprijavila Jebem li vam svima majku koji ste svaku zenu dotakli mimo njihove volje!! Vratice se vasim cerkama,sestrama....",7,bes,6,0.8571,false,,"{""bes"": 6, ""radost"": 1}"
18,4,1478124060903198733,"@[user] ali i ti se mešaš u stvari koje očigledno ne razumeš. ne podržavaš #nisamprijavila i pošto te očigledno boli kurac, samo pokazuješ time da si i ti deo problema i ovo nije prvi put da komentarišeš nešto ovako. ako ne razumeš o čemu pričaš, nemoj se ni mešati.",7,bes,5,0.7143,false,,"{""bes"": 5, ""Emocionalno neutralno"": 2}"
18,5,1475149478285905920,"Iskreno citam #nisamprijavila i mogu vam reći Moje ♥️ JE sa Vama. Ja ne mogu da verujem kolilo tih slucajeva postoji i ko sve živi u nasoj blizini.

Drzite se.",7,poverenje,4,0.5714,false,,"{""poverenje"": 4, ""tuga"": 1, ""iznenađenje"": 1, ""Emocionalno neutralno"": 1}"
18,6,1476929713465667586,"Taj pakao ne može da se prekine, samo se produbljuje i nema kraja.

Neću da ti dam da vodiš dete nigde, ubiću te… Osećaj krivice… Možda stvarno završi kao neka od žena… 

#Nisamprijavila jer dolaziće policija, porodicu svi znaju…

I da, #samesmo",7,strah,3,0.4286,false,,"{""bes"": 2, ""tuga"": 1, ""strah"": 3, ""Emocionalno neutralno"": 1}"
18,7,1475093978076917768,"#NisamPrijavila jer smo bili u vezi i ""voleli se"", a i zato što to nisam tada razumela..Pa šta ako smo se posvađali toliko da je njemu bilo ok da mi stavi ruke oko vrata da me davi? Pa šta ako smo se tukli u hodniku zgrade? Pa šta ako niko nije otvorio vrata i pozvao policiju?",7,bes,2,0.2857,false,,"{""bes"": 2, ""tuga"": 1, ""strah"": 1, ""iščekivanje"": 1, ""Emocionalno neutralno"": 1, ""Ne mogu da razumem"": 1}"
18,8,1475078474268389377,"što pre došlo do reforme istog, u kom su institicijalizovana mizoginija i princip ""slika, ili se nije desilo"" i te kako prisutni. ovim putem želim istovremeno da pružim ogromnu podršku za hrabrost svim #nisamprijavila i #nisisama žrtvama! zajedno smo u ovome! &lt;3",7,poverenje,4,0.5714,false,,"{""poverenje"": 4, ""radost"": 1, ""Emocionalno neutralno"": 1, ""Ne mogu da razumem"": 1}"
18,9,1475048580058693637,"#nisamprijavila .... roman veka, pisan od strane žena koje srećemo, poznajemo, rod su nam, roman namenjen nama, muškarcima. Njima veeeliko ♥️, nama jak stomak i preispitivanje, iskreno.",7,radost,4,0.5714,false,,"{""poverenje"": 1, ""radost"": 4, ""Emocionalno neutralno"": 1, ""Ne mogu da razumem"": 1}"
18,10,1475547952278028291,@[user] @[user] Evo ti hashtag #NisamPrijavila. Što čekaš. Reagiraj. Bori se.,7,Emocionalno neutralno,3,0.4286,false,,"{""iščekivanje"": 2, ""Emocionalno neutralno"": 3, ""Ne mogu da razumem"": 2}"
18,11,1475179009910747136,"Pročitao 20-ak priča #NisamPrijavila i došao do jednostavnog zaključka živimo u društvu jebenih manijaka. Komšije i rođaci pedofili, muževi i momci posesivni ludaci, gomila uticajnih i uglađenih muškaraca su zapravo teško dno.",7,gađenje,6,0.8571,false,,"{""iznenađenje"": 1, ""gađenje"": 6}"
18,12,1475447123437146117,#nisamprijavila jer se u podrumu nalazi ta osoba privezana za stolcu i moli boga svaki dan da ga pustim. Ja kao balerina plešem okolo njega i udarim da magičnim štapićem i kažem “ne danas”!!,7,Ne mogu da razumem | bes,3,0.4286,true,Ne mogu da razumem | bes,"{""bes"": 3, ""Emocionalno neutralno"": 1, ""Ne mogu da razumem"": 3}"
18,13,1475365621261115394,"Kako ovakve situacije #NisamPrijavila uvek izbace na povrsinu pravi talog i one skivene bolesnike, ogole ih sami se jave kao najveci sljam. Tuga je jos veca jer je mnogo zena medju njima",7,gađenje,5,0.7143,false,,"{""tuga"": 2, ""gađenje"": 5}"
18,14,1475414698283700225,@[user] Samo se ti zajebavaj posle ce da bude #nisamprijavila a muz ti brani😂😂,7,Emocionalno neutralno,3,0.4286,false,,"{""tuga"": 1, ""iščekivanje"": 1, ""Emocionalno neutralno"": 3, ""Ne mogu da razumem"": 2}"
18,15,1475935248328413195,"Razumijem sve razloge onih koje kazu #NisamPrijavila, ali #ProcjenaRizika je upozoravajuca.. 
Zene ubijaju, zar ne ?!",7,Ne mogu da razumem,2,0.2857,false,,"{""tuga"": 1, ""iznenađenje"": 1, ""strah"": 1, ""iščekivanje"": 1, ""Emocionalno neutralno"": 1, ""Ne mogu da razumem"": 2}"
18,16,1475724041386401794,Srecna sam sto nemam licno iskustvo na temu #NisamPrijavila. Ne znam da li me vise plase podeljena iskustva ili komentari manijaka.,7,strah,4,0.5714,false,,"{""iznenađenje"": 2, ""strah"": 4, ""radost"": 1}"
18,17,1476241765032251393,"@[user] Ето зашто #NisamPrijavila !!!
Ужас је блага реч.",7,gađenje,4,0.5714,false,,"{""bes"": 2, ""gađenje"": 4, ""Ne mogu da razumem"": 1}"
18,18,1475419654587879424,"Je li se ijedan jedini akter političkog života u CG uključio u dijalog oko #NisamPrijavila, ili se javljaju samo kad im je oportunitetno? Institucije ne moram ni da pominjem.",7,gađenje,4,0.5714,false,,"{""bes"": 2, ""gađenje"": 4, ""iščekivanje"": 1}"
18,19,1475169479030185985,"Vuline, liberalizuj zakon o oružju kako si najavljivao! 

Kad bude pištolj u ženskoj torbici većina tih ""junaka"" će se zavući pod kamen ispod koga su izmilili... #NisamPrijavila",7,iščekivanje,3,0.4286,false,,"{""bes"": 2, ""iznenađenje"": 1, ""gađenje"": 1, ""iščekivanje"": 3}"
18,20,1475496835980668931,"@[user] Izmišljaju priče zarad popularnosti
#nisamprijavila",7,gađenje,3,0.4286,false,,"{""iznenađenje"": 1, ""gađenje"": 3, ""Emocionalno neutralno"": 2, ""Ne mogu da razumem"": 1}"
18,21,1475144619256164357,"meni i ženama i devojkama iz mog okruženja se desilo minimum 100 puta otkad znam za sebe da nas neko uznemirava, jedina je sreća pa sam uvek spremna da se pobijem do krvi sa idiotima i napravim incident i pustite priču nisu svi isti pravda za muškarce bla bla #NisamPrijavila",7,bes,6,0.8571,false,,"{""bes"": 6, ""gađenje"": 1}"
18,22,1475298523721928704,"Hvala svim predivnim zenama koje su podelile svoju pricu sa nama. Hvala i onim drugim zenama i muskarcima na konstruktivnim savetima. Hvala na razumevanju i spremnosti da nas cujete.
#NisamPrijavila
#nisisama",7,radost,4,0.5714,false,,"{""poverenje"": 3, ""radost"": 4}"
18,23,1475090852515127305,"prijavila sam, ali sam poželela da #NisamPrijavila jer me je policajac/detektiv odveo na poligraf sa rečenicom ""znaš, devojčice često lažu o silovanju. žele, pa zažale i ih bude sramota pa kažu da su bile silovane.""",7,gađenje,4,0.5714,false,,"{""bes"": 2, ""strah"": 1, ""gađenje"": 4}"
18,24,1475067001139781635,"#NisamPrijavila Jer nije bilo modrica. Jer je bio omiljen,uspešan,harizmatican,jer mi niko nije verovao. Jer sam posle godinu i po dana njegovog ponavljanja i sama poverovala da sam glupa,nesposobna,nedovoljna,i da je za mene samo kuhinja. 👇",7,strah | tuga,2,0.2857,true,strah | tuga,"{""tuga"": 2, ""iznenađenje"": 1, ""strah"": 2, ""Emocionalno neutralno"": 1, ""Ne mogu da razumem"": 1}"
18,25,1475026030830276609,"kad su mi se dešavale te #NisamPrijavila priče, nije mi na pamet padalo da je to kažnjivo, nego sam mislila da to tako funkcioniše, delovalo je da pretpostavljeni ima pravo na takvo ponašanje, a ja mogu da neću, i onda dobijem otkaz a niko me fizički nije ugrozio, sve ok.",7,iznenađenje,3,0.4286,false,,"{""bes"": 1, ""tuga"": 1, ""iznenađenje"": 3, ""gađenje"": 1, ""Ne mogu da razumem"": 1}"
18,26,1475252350164123651,"#NisamPrijavila Jesam, prijavila sam, uzeli su zapisnik i rekli “pozvaćmo ga na informativni razgovor ali od ovoga nema ništa”. Njihov kolega koji je bio svedok rekao je da ništa nije video 🤷🏻‍♀️",7,Emocionalno neutralno,3,0.4286,false,,"{""bes"": 2, ""gađenje"": 1, ""iščekivanje"": 1, ""Emocionalno neutralno"": 3}"
18,27,1475034322356867073,"#NisamPrijavila boli svaka vasa rec napisana. Izvinite za svaki put kad vas nismo razumeli, zastitili, saslusali... Molim vas nastavite da govorite!",7,tuga,5,0.7143,false,,"{""poverenje"": 2, ""tuga"": 5}"
18,28,1476235783677923329,"Док се неки питају зашто баш сада кампања #nisamprijavila у Сомбору је убијена цела једна породица и то од руке ""главе породице"" - насилника који је пре 5 дана изашао из затвора и имао забрану приласка.",7,bes,4,0.5714,false,,"{""bes"": 4, ""gađenje"": 2, ""Emocionalno neutralno"": 1}"
18,29,1475513119833305092,"Tag #NisamPrijavila je možda najvažniji tag koji se pojavio u virtuelnom i realnom prostoru. Činjenica je da pol ne određuje karakter i da su generalizacije bolne. Ali, nešto sa našim muškim svetom debelo nije u redu. Vi, dragi i normalni muškarci, nemojte se osetiti prozvanim.",7,Emocionalno neutralno,3,0.4286,false,,"{""bes"": 1, ""tuga"": 1, ""gađenje"": 2, ""Emocionalno neutralno"": 3}"
18,30,1475359978089287680,"Ko ne moreš verjet, kakšne pošasti se skrivajo okrog nas, si prebereš nekaj zapisov pod #NisamPrijavila in ti je lahko slabo.",7,Ne mogu da razumem,4,0.5714,false,,"{""iznenađenje"": 1, ""gađenje"": 2, ""Ne mogu da razumem"": 4}"
18,31,1475389741302489088,"#Nisamprijavila ...
Čitam i ne mogu da se ne gadim muškog roda.
Da se razumijemo, đubre sam na mnogo načina, ali zlostavljati ženu ili dijete do traume za života!??
I ne umijem pojmiti drugačiju kaznu do otkidanja glave skotu...",7,gađenje,4,0.5714,false,,"{""poverenje"": 1, ""bes"": 1, ""iznenađenje"": 1, ""gađenje"": 4}"
18,32,1475174419979018246,"Ja nikad neću skupiti hrabrost da detaljno napišem #NisamPrijavila tvit, a svima vama koji jeste, svaka čast.",7,strah,4,0.5714,false,,"{""tuga"": 1, ""strah"": 4, ""radost"": 1, ""Emocionalno neutralno"": 1}"
18,33,1475337793421422592,Nocas je bilo tesko i potresno slusati spejs #NisamPrijavila sve pohvale za hrabrobrost svim zenama i devojkama koje su se ukljucivale i iznosile uzasne potresne traume koje su dozivele. Trebalo bi nastaviti sa pritiskom na celokupnu javnost da se takve stvari vise ne dese nikome,7,poverenje | tuga,3,0.4286,true,poverenje | tuga,"{""poverenje"": 3, ""tuga"": 3, ""iščekivanje"": 1}"
18,34,1475574104023605248,"#nisamprijavila jer kako posle svega da pogledam svojoj majci u oči i da ih vidim pune suza. Dovoljne su bile jedne, moje.",7,tuga,7,1.0000,false,,"{""tuga"": 7}"
18,35,1475041433925128193,"#NisamPrijavila ni posle treceg puta kada me je gusio sve dok nisam bila na ivici onesvescivanja. Tome su prethodile moje reci da odlazim. 
Niko nije znao. Nikome ne mozete ni da objasnite zasto niste rekli. 
Zato sto je svest pomucena, rasudjivanje zaliveno suzama.",7,tuga,5,0.7143,false,,"{""tuga"": 5, ""strah"": 1, ""Emocionalno neutralno"": 1}"
18,36,1475077038268723204,"Pratite tag #NisamPrijavila i podržite žene koje su se osnažile da pišu o svojim iskustvima i prekinu relativizaciju nasilja ❤
Svaka priča je važna 💫",7,poverenje,4,0.5714,false,,"{""poverenje"": 4, ""radost"": 1, ""iščekivanje"": 1, ""Emocionalno neutralno"": 1}"
18,37,1475745779147055104,"#NisamPrijavila Kada kao u Grčkoj ćerke budu dobijale na dar stan od svojih roditelja kada se udaju, onda će i kod nas biti lakše otići i ne morati trpeti.(nadam se da je još uvek tamo takav običaj)",7,iščekivanje,5,0.7143,false,,"{""iznenađenje"": 1, ""iščekivanje"": 5, ""Emocionalno neutralno"": 1}"
18,38,1475895777176260610,"#NisamPrijavila jer sam se plašila, pretili su mi da moram da ćutim. Plašila sam se njih, plašila sam se roditelja da ne saznaju, plašila sam se osude. Zapravo nisam ni znala šta mi se desilo, jer sam imala samo 12... Kako sam rasla, počela sam da shvatam težinu dela",7,strah,6,0.8571,false,,"{""tuga"": 1, ""strah"": 6}"
18,39,1475083385664061446,"Го читам хаштагов #nisamprijavila и единствено што знам е дека мора на децата да им влееме доволно доверба и да им пружиме доволно љубов и поддршка да знаат дека секогаш ама СЕКОГАШ ќе имаат некој кој ќе ги сослуша и ќе ги заштити, без разлика дали имале 15, 25 или 35 години.",7,Ne mogu da razumem,4,0.5714,false,,"{""poverenje"": 1, ""Emocionalno neutralno"": 2, ""Ne mogu da razumem"": 4}"
18,40,1475270273855373316,"Ja ceo dan čitam tvitove sa #nisamprijavila i uopste se ne pronalazim dok ne shvatih da sam potisnula u mali mozak da su šamar i vučenje za kosu na sred trga u gradu (naočigled svih ljudi iz obližnjeg fast food-a) nasilje.
Nazivajte stvari pravim imenima.
Hvala za hešteg.",7,iznenađenje,3,0.4286,false,,"{""poverenje"": 1, ""tuga"": 1, ""iznenađenje"": 3, ""Emocionalno neutralno"": 2}"
18,41,1475434928833765377,"#NisamPrijavila jer sam imala 5 godina i jer sam mislila da sam ja kriva što sam pristala da skinem odeću i sednem starijem dečku u krilo, jer me je nagovorio, a šta sam znala sa 5 godina. Sem to da sam istraumirana godinama posle od tog događaja.",7,tuga,3,0.4286,false,,"{""tuga"": 3, ""strah"": 2, ""gađenje"": 2}"
18,42,1475041872175378435,#Nisamprijavila Prijavljujte sve! Svaki dan ih prijavljujte!,7,Emocionalno neutralno,4,0.5714,false,,"{""poverenje"": 2, ""bes"": 1, ""Emocionalno neutralno"": 4}"
18,43,1475519523226898433,"@[user] Tragedija, tisuće teških priznanja i skupljenih hrabrosti objavljivanja svoje intime na #nisamprijavila. I onda ekipa dodje i kmeči bezbrojnim postovima na sav glas o tragediji generalizacije prema muškom rodu, i to zbog par priglupih komentara u moru objava.
#attentionwhores",7,bes,5,0.7143,false,,"{""bes"": 5, ""gađenje"": 2}"
18,44,1480306212893863940,#NisamPrijavila momenat me je toliko potresao da sam počela da sanjam neke svoje verzije inspirisane svim tim priznanjima žena.,7,tuga,6,0.8571,false,,"{""tuga"": 6, ""strah"": 1}"
18,45,1475516461011644420,#NisamPrijavila jer državne/javne institucije ne daju sigurnost ženama i zato što te iste osobe gledaju žene kao da su zaslužile to što si im se desilo i teraju te da proživljavaš traumu iznova i iznova. Žena je uvek kriva što je nasilje izvršeno nad njom. I javno te obeleže.,7,bes,4,0.5714,false,,"{""bes"": 4, ""strah"": 2, ""Emocionalno neutralno"": 1}"
18,46,1475611319353098244,препричана искуства из #NisamPrijavila су само показатељ колико нам је друштво на јако лошем месту. Подршка свакој жени❤️,7,tuga,3,0.4286,false,,"{""poverenje"": 2, ""tuga"": 3, ""Emocionalno neutralno"": 2}"
18,47,1475069954739347458,#Nisamtrazila #Nisamprijavila full suport!,7,poverenje,4,0.5714,false,,"{""poverenje"": 4, ""radost"": 1, ""Emocionalno neutralno"": 2}"
18,48,1475337988439781384,"#NisamPrijavila jer sam imala 5 godina, jer nisam rekla nikom i nisam znala sta mi je ciniti i jer me je bilo sramota i jer mi je 19 godina trebalo da progovorim o tome sa vrlo bliskim krugom ljudi. I jer je sada verovatno kasno za #PrijavilaSam Eto...",7,strah,2,0.2857,false,,"{""bes"": 1, ""tuga"": 1, ""strah"": 2, ""gađenje"": 1, ""Emocionalno neutralno"": 1, ""Ne mogu da razumem"": 1}"
18,49,1475108760137969668,"#NisamPrijavila jer od šoka organizam stvori različite mehanizme odbrane. Derealizaciju, paralisanost od stresa, poricanje, pa čak i gubitak sećanja o događaju. Godine su nekad potrebne da mozak rekonstruiše sve i da dođeš do tog mirnog stanja da kažeš: desilo se.",7,strah,3,0.4286,false,,"{""tuga"": 1, ""iznenađenje"": 1, ""strah"": 3, ""Emocionalno neutralno"": 2}"
19,0,1474883068007747586,"na koju se grejemo beba od mesec dana i mi. 
#nisamprijavila jer nije bilo vidljivo na telu vređanje, finansijska kontrola, ignorisanje (silent treatment) mene danima ako se usudim da kažem nešto što nije po volji. #nisamprijavila jer je u društvu bio nasmejan, veseo, duhovit",7,strah,3,0.4286,false,,"{""tuga"": 1, ""strah"": 3, ""gađenje"": 1, ""Emocionalno neutralno"": 1, ""Ne mogu da razumem"": 1}"
19,1,1475102661431209992,"svaka cast svima koji su imale hrabrosti da prezive i da napisu svoje price🙌🏼❤️bravo❤️  
#NisamPrijavila desilo se skoro i ne zelim da pravim dramu,smatram da je mala stvar i da nece mnogo da se preduzme oko toga i tek ce onda da prodje prica oko celog grada",7,Emocionalno neutralno,2,0.2857,false,,"{""poverenje"": 1, ""tuga"": 1, ""strah"": 1, ""radost"": 1, ""iščekivanje"": 1, ""Emocionalno neutralno"": 2}"
19,2,1475153035525509120,Oprosti mi što #nisamprijavila ja onda kad ti nisi imala snage!,7,tuga,5,0.7143,false,,"{""bes"": 2, ""tuga"": 5}"
19,3,1475555273943265280,"I, da, #NisamPrijavila ali to je sad nebitno. Bitno je da sam preživela i ojačala zahvaljujući sličnim sebi, a ima nas previše.",7,poverenje | radost,3,0.4286,true,poverenje | radost,"{""poverenje"": 3, ""radost"": 3, ""Emocionalno neutralno"": 1}"
19,4,1475099694674100235,"posebno to što kod sebe imaju oružje (taj deo ""normalnosti"" korišćenja oružja koji usvoje kroz službu je tek posebna tema). 

Glupo je da kažem da je sjajno ovo #nisamprijavila - ali šta ćemo dalje? 

Ja nisam stručna ali evo neka neka nadležna institucija iz tekstova sa",7,Ne mogu da razumem,3,0.4286,false,,"{""poverenje"": 1, ""bes"": 2, ""Emocionalno neutralno"": 1, ""Ne mogu da razumem"": 3}"
19,5,1475298054093910022,"#NisamPrijavila 
... zato što su možda obrasci isti, ali je svačija priča različita.

Dakle, bez mnogo priče dok ne znate priču.",7,bes,3,0.4286,false,,"{""poverenje"": 1, ""bes"": 3, ""strah"": 1, ""Emocionalno neutralno"": 2}"
19,6,1475108790949318666,Ja jos uvek nisam spremna da napisem sta i zasto #NisamPrijavila ali sam procitala svaki tvit i verujem da svet ostavljamo boljim mestom jer sada znamo sta nije u redu,7,poverenje | radost | strah,2,0.2857,true,poverenje | radost | strah,"{""poverenje"": 2, ""strah"": 2, ""radost"": 2, ""iščekivanje"": 1}"
19,7,1475960829581352967,"@[user] @[user] Ali to ne umanjuje ni značaj ni validnost pokreta. On ne može da umanji poverenje u institucije, jer institucije ne postoje. #nisamprijavila je poziv za stvaranje institucija koje će se brinuti o žrtvama.",7,Emocionalno neutralno | poverenje,2,0.2857,true,Emocionalno neutralno | poverenje,"{""poverenje"": 2, ""bes"": 1, ""gađenje"": 1, ""Emocionalno neutralno"": 2, ""Ne mogu da razumem"": 1}"
19,8,1475438864869306375,"""Ich habs nicht gemeldet. Bei uns glauben sie nicht mal den toten Frauen. Den lebendigen schon gar nicht."" Es ist wahr und erschütternd. #NisamPrijavila",7,Ne mogu da razumem,4,0.5714,false,,"{""bes"": 1, ""strah"": 1, ""gađenje"": 1, ""Ne mogu da razumem"": 4}"
19,9,1475168300015497223,"@[user] Nažalost, svugdje je tako... Imala sam i ja takvih #NisamPrijavila situacija na bacanje, ali blažih. Čak i ono što sam prijavila dočekano je s ""Ma, izmišljaš gluposti"".",7,gađenje,3,0.4286,false,,"{""tuga"": 1, ""gađenje"": 3, ""iščekivanje"": 1, ""Emocionalno neutralno"": 2}"
19,10,1475369912981929985,"#nisamprijavila jer je bilo psihicko maltretiranje,jer sam ga se plasila,jer mi je trebalo vremena da shvatim sta se desava,jer se desavalo u periodu od god dana nakon smrti moje majke i bila sam jako ranjiva,jako tesko sam podnela njen gubitak,nisam prijavila jer znam da ne mogu",7,strah,5,0.7143,false,,"{""tuga"": 2, ""strah"": 5}"
19,11,1475582227048280064,ali ovi bolesnici koji na #NisamPrijavila reaguju sa svojim jeftinim šalama i propalim humorom zaslužuju pakao i ništa manje od toga,7,bes,4,0.5714,false,,"{""bes"": 4, ""gađenje"": 3}"
19,12,1475767866851008514,#nisamprijavila jer je trebalo da prodje 7 godina da prepoznam da je to sto se desilo bilo silovanje. Posle rada sa psihoterapeutom i terapije MDMA-em sam mnogo manje besna i znam da smo svi uzasno propatili od katastrofalne seksualne edukacije iz porno filmova. 1/2,7,bes,3,0.4286,false,,"{""poverenje"": 1, ""bes"": 3, ""tuga"": 1, ""gađenje"": 1, ""Emocionalno neutralno"": 1}"
19,13,1475515598536904713,"@[user] je prva napravila rupu u toj brani ćutanja. Sledeći je, hiljade su progovorile ili pružile podršku i kao reka probile branu. Ne treba da dozvolimo, da se brana ponovo podigne, zbog onih koje su progovorile #NisamPrijavila i onih koje nisu. Zbog svih nas 💜",7,poverenje | radost,3,0.4286,true,poverenje | radost,"{""poverenje"": 3, ""iznenađenje"": 1, ""radost"": 3}"
19,14,1475786710743142412,Ogromna podrška za sve žene koje su skupile hrabrosti da posle toliko godina obelodane tamu. ❤️ #nisamprijavila,7,radost,5,0.7143,false,,"{""poverenje"": 2, ""radost"": 5}"
19,15,1475048760778629120,"Čitam sve #Nisamprijavila. Ako niste među njima, zahvalite se Bogu, iščitajte i nemojte nikad, ama nikad, da ne budete podrška nekoj ženi.",7,poverenje,2,0.2857,false,,"{""poverenje"": 2, ""bes"": 1, ""radost"": 1, ""iščekivanje"": 1, ""Emocionalno neutralno"": 1, ""Ne mogu da razumem"": 1}"
19,16,1475927395290992641,"numero je detaljan prikaz kako i zlostavljaci imaju baby face, izgledaju otuzno i nevino dok se unutar 4 zida desava kaos.
Nikad mi se netko nije tako brzo zgadio (bio mi je jedan od najdrazih repera u hazzeovom zlatnom vremenu) sad mi se okrece zeludac na njega #NisamPrijavila",7,gađenje,6,0.8571,false,,"{""bes"": 1, ""gađenje"": 6}"
19,17,1475601987441987590,"Čitam #NisamPrijavila i ono što me najviše brine jeste kultura nasilja koja cveta među devojčicama i dečacima uzrasta 12, 13 i stariji. Ta kultura nasilja dosta je vidljiva na TikToku, a najbolje se ogleda kroz trend muziku. Na primer: “opije, pa dobije šamare, b**a masna” Nucci",7,strah,4,0.5714,false,,"{""iznenađenje"": 2, ""strah"": 4, ""Emocionalno neutralno"": 1}"
19,18,1475069694377926660,#NisamPrijavila jer nisam kome da se obratim. Ćale me savetovao da ako slučajno ostanem trudna da nikako ne smem da abortiram jer posle toga sigurno više neću moći da imam dete.,7,strah,4,0.5714,false,,"{""tuga"": 1, ""strah"": 4, ""gađenje"": 1, ""Ne mogu da razumem"": 1}"
19,19,1475828252291878915,"#nisamprijavila
Jer mi je bio dugogodišnji prijatelj. Jer sam se bojala što će drugi reći.
Jer nisam htjela da me itko drukčije gleda zbog toga.
Jer sam bila mlada i nisam mislila da bi mi itko vjerovao.
I dalje šutim, i nikome nisam rekla.",7,strah,6,0.8571,false,,"{""tuga"": 1, ""strah"": 6}"
19,20,1475666867222163464,"Prijavila sam, ali poželjela da #NisamPrijavila jer mi je inspektor rekao ""ma to vam se on udvara na jedan poseban način""",7,gađenje,4,0.5714,false,,"{""bes"": 1, ""iznenađenje"": 1, ""gađenje"": 4, ""Emocionalno neutralno"": 1}"
19,21,1475107918542479363,"Citam #NisamPrijavila i u glavi mi je samo moja baba kako place jer ju je deda maltretirao 50 godina, fizicki a o psihickom da ne pricam. Tolike traume da je dolazila svaki dan uplakana i zalila mi se da ga sanja kako je davi. Spava u drugoj sobi i zakljucava vrata u toku noci.",7,tuga,4,0.5714,false,,"{""tuga"": 4, ""strah"": 2, ""Emocionalno neutralno"": 1}"
19,22,1475534095191089152,"#NisamPrijavila je prilika ne samo da se čuje glas žena koje su žrtve, i da svi stanu uz njih, nego i da se skrene pažnja na taj naš model odgajanja muškaraca koji su emotivni balvani.",7,iščekivanje,3,0.4286,false,,"{""bes"": 1, ""gađenje"": 1, ""iščekivanje"": 3, ""Emocionalno neutralno"": 2}"
19,23,1475151815218020357,#božić Zemljanke se resetovale sa #metoo na #nisamprijavila .,7,Ne mogu da razumem,6,0.8571,false,,"{""Emocionalno neutralno"": 1, ""Ne mogu da razumem"": 6}"
19,24,1475522956872888320,"U nastavku #NisamPrijavila serijala, drugovi iz odeljenja koji su nas devojčice ubeđivali da koketiramo sa profesorom ustava i prava građana koji je kasnije i uhapšen zbog pedofilije, kako on ne bi pitao za ocenu.",7,gađenje,3,0.4286,false,,"{""bes"": 2, ""gađenje"": 3, ""Ne mogu da razumem"": 2}"
19,25,1475079429684707332,"Strah i stid, sa jedne strane, kombinovan s neznanjem procedure prijave i postupanja, sa druge strane. I eto nas kod ovolikog  broja #NisamPrijavila. Prijavljeni slučajevi samo vrh ledenog brega nasilja.",7,strah,4,0.5714,false,,"{""bes"": 1, ""tuga"": 2, ""strah"": 4}"
19,26,1475436359934484485,"Ova priča oko #NisamPrijavila  postaje toliko teška ali potrebna da se pročita i da ljudi, pa i ja među ostalima, shvatimo da je to stvarno i da se dešava u velikom broju.",7,poverenje | tuga,2,0.2857,true,poverenje | tuga,"{""poverenje"": 2, ""tuga"": 2, ""iznenađenje"": 1, ""iščekivanje"": 1, ""Emocionalno neutralno"": 1}"
19,27,1475153406847332353,"#NisamPrijavila jer nakon sto sam rekla majci, upitala me jesam li sigurna da me mozda nije samo stipkao. Imala sam samo 12 godina. To mi je bio stric.",7,bes | gađenje,2,0.2857,true,bes | gađenje,"{""bes"": 2, ""strah"": 1, ""gađenje"": 2, ""Emocionalno neutralno"": 1, ""Ne mogu da razumem"": 1}"
19,28,1475199587069607942,Imam dvije kćerke i posle čitanja svega na #NisamPrijavila mislim da više ništa neće biti isto... Velika podrška i ljubav za sve vas! 🍀💕,7,poverenje,3,0.4286,false,,"{""poverenje"": 3, ""iznenađenje"": 1, ""radost"": 1, ""iščekivanje"": 1, ""Emocionalno neutralno"": 1}"
19,29,1475836566002180096,"Potom #nisamprijavila jer me je bilo stid,više nisam bila mala.Nisam jer sam se bojala da će da se sveti.Nisam jer sam u krug imala strah i stid.Nisam jer nisam verovala da postoji zaštita.Dok nisam smogla snage i zauzela se za sebe,sama. No,nisam.Drugi put. Detalja se ne sećam.",7,strah,6,0.8571,false,,"{""tuga"": 1, ""strah"": 6}"
19,30,1475762691490951169,Ех да сам добио динар за сваки пут кад су ми рекли #ПаТиСиМушко могао бих из свог џепа да искеширам кампању #NisamPrijavila са све рачуном мале врањанке из мека.,7,bes,5,0.7143,false,,"{""bes"": 5, ""Ne mogu da razumem"": 2}"
19,31,1475433653341675523,"place mi se dok citam postove #NisamPrijavila i razmisljam koliko devojaka i zena iz manjih mesta i sela, koje ne koriste internet i ne znaju ni sta je tviter, prozivljava zlostavljanje.",7,tuga,7,1.0000,false,,"{""tuga"": 7}"
19,32,1475428973937057796,"Jedan od top 3 najdebilnija komentara koja sam videla tokom ovog #NisamPrijavila pokreta je onaj “Niko ne zaslužuje naravno, ali zaboga pa šta si očekivala od lika koji deluje tako i tako..?” Šta je s vama jel ste bolesni?",7,bes,5,0.7143,false,,"{""bes"": 5, ""gađenje"": 2}"
19,33,1475737923953831938,"stav da je #NisamPrijavila obeshrabrivanje žena je nešto najgluplje što sam ovde pročitala. nekoj ženi je dovoljno što može da ispriča svoju priču, da joj se poveruje i da vidi da postoji mreža podrške.",7,bes,6,0.8571,false,,"{""bes"": 6, ""Emocionalno neutralno"": 1}"
19,34,1475193173802692609,Bojim se da najteže priče sa #NisamPrijavio #NisamPrijavila nikada nećemo pročitati,7,strah,6,0.8571,false,,"{""tuga"": 1, ""strah"": 6}"
19,35,1475461047914233861,"@[user] Jel' bolje ovako:
#NisamPrijavila je #nebitno u najčistijoj formi. Zašto feministi ne rešavaju rak koji ubije dnevno 30 žena evo ni sam ne znam. Npr:
#NisamPrijavilaLošeUsloveUBolnici #NisamPrijavilaDoktoraAmatera #NisamPrijavilaKvrgu
#NisamPrijavilaPregled #NisamPrijavilaHPV",7,Ne mogu da razumem | bes,3,0.4286,true,Ne mogu da razumem | bes,"{""bes"": 3, ""Emocionalno neutralno"": 1, ""Ne mogu da razumem"": 3}"
19,36,1475781708838748164,"@[user] @[user] @[user] Zamisli sta je njen odgovor iznad.
Psihičke bolesti su danas na svakom koraku.
Kao da se takav odnos nece prevesti i van kreveta nego ce samo ostati u njemu.
Posle sledi kukanje #NisamPrijavila",7,Ne mogu da razumem,4,0.5714,false,,"{""bes"": 1, ""gađenje"": 1, ""Emocionalno neutralno"": 1, ""Ne mogu da razumem"": 4}"
19,37,1475341359934590977,"u pričama pod #NisamPrijavila je ispričano puno toga, ali da je tolika stopa incesta i pedofilije... ljudi raspašću se",7,tuga,4,0.5714,false,,"{""tuga"": 4, ""iznenađenje"": 1, ""gađenje"": 2}"
19,38,1475243336692871169,"@[user] Problem nastaje kada sam pametna i sednem u auto sa poznatim momkom, a desi se baš o čemu pričamo ceo ovaj dan. Tužno je što ne shvatate kontekst priče i zbog ovakvih komentara devojke nisu prijavile. #NisamPrijavila",7,tuga,5,0.7143,false,,"{""bes"": 2, ""tuga"": 5}"
19,39,1475400656588521479,"ako ti padne na pamet da osudiš neku od skoro DESET HILJADA žena koje su u poslednja dva dana podelile #nisamprijavila objavu, pročitaj bar jednu ispovest ponovo i zamisli da ju je napisala tvoja majka, sestra ili ćerka.",7,bes,5,0.7143,false,,"{""bes"": 5, ""Emocionalno neutralno"": 1, ""Ne mogu da razumem"": 1}"
19,40,1478098408061685761,1010101 - velika energija. Rispekt za #nisamprijavila i sve što si u vezi sa tim naknadno pokrenula. Top humor,7,Ne mogu da razumem,3,0.4286,false,,"{""poverenje"": 1, ""radost"": 2, ""iščekivanje"": 1, ""Ne mogu da razumem"": 3}"
19,41,1475233341012164620,знате паскалову опкладу то је оно као 50% су шансе да бог постоји више ти се исплати да живиш живот у складу са тиме да бог постоји па ако не постоји ником ништа а ако постоји добијаш добру позицију у загробном животу е тако ми пролази кроз главу док слушам овај #nisamprijavila,7,Emocionalno neutralno,3,0.4286,false,,"{""tuga"": 1, ""gađenje"": 2, ""Emocionalno neutralno"": 3, ""Ne mogu da razumem"": 1}"
19,42,1475415993635717123,Ukoliko ne razumete haštag #nisamprijavila onda ste upravo vi razlog zbog čega on postoji.,7,bes,6,0.8571,false,,"{""bes"": 6, ""Emocionalno neutralno"": 1}"
19,43,1475428354648072193,"A zašto #NisamPrijavila policiji? Kad su došli na uvidjaj nakon pljačke, moju izjavu su pisali u paragon blok, rekli ""pa i nije pametno da cura poput tebe živi sama"", nikad se nisu ni javili niti su ikakav službeni zapisnik sacinili o pljački. Tko mi je kriv što živim sama?",7,bes,6,0.8571,false,,"{""bes"": 6, ""Emocionalno neutralno"": 1}"
19,44,1475610509797904393,"#NisamPrijavila 1.Seksualno nasilje jos u osnovnoj skoli, kada su me decaci ""hvatali"" za guzu. 2. Emocijalno i fizicko nasilje u vezi dok sam bila srednjoskolac, jer me je bilo strah da priznam. A 3. tokom studija; jesam prijavila, ali on nikada nije odgovarao, jer mu znaju tatu!",7,bes,5,0.7143,false,,"{""bes"": 5, ""strah"": 1, ""Emocionalno neutralno"": 1}"
19,45,1475039158380945409,"#NisamPrijavila jer mi je bio dečko, pa se to jelte ne računa",7,bes,3,0.4286,false,,"{""bes"": 3, ""tuga"": 1, ""gađenje"": 1, ""Emocionalno neutralno"": 2}"
19,46,1475790558056665092,"#Nisamprijavila zlostavljanje psihicko na poslu, podmetanje, lazi, iz ciste ljubomore zbog bolesnig mozga koleginice. Ne prenosi informacije, podmece da dajem ulazne cene kupcima,ne daje informacije o carinjenju da bi roba mogla da se isporuci. Drskost, kune se u mrtvog oca da ⤵️",7,Ne mogu da razumem | bes,3,0.4286,true,Ne mogu da razumem | bes,"{""bes"": 3, ""gađenje"": 1, ""Ne mogu da razumem"": 3}"
19,47,1475377646452326404,"Јбт ово #NisamPrijavila је страшна прича, некако ми никада неће бити јасно, како ти људи што врше то насиље, не почну о тога, да их је мајка родила, па бар због тога неко поштовање, а тек они који имају сестру, стварно одвратно",7,gađenje,6,0.8571,false,,"{""iznenađenje"": 1, ""gađenje"": 6}"
19,48,1475081101081288707,"#NisamPrijavila kad je on nju tukao, a onda ona mene zato što je sramota iznositi iz kuće, a tata nas voli, samo je nervozan. batine su prestale, ali je zlostavljanje nastavljeno, najčešće je bila lujka. da sam prijavila, možda bi ona bila živa danas, možda se ne bi ubila.",7,tuga,6,0.8571,false,,"{""tuga"": 6, ""Emocionalno neutralno"": 1}"
19,49,1479541501583577091,"Do juče su se zgražavale na priče iz #NisamPrijavila , a danas pišu da je Duško trebao još ranije da počne da bije Karleušu…ŽENA JE ŽENI NAJVEĆI NEPRIJATELJ!!!",7,bes,6,0.8571,false,,"{""bes"": 6, ""gađenje"": 1}"
20,0,1475553486750240775,"važan je #NisamPrijavila i zbog toga što sa mužem već dva dana pričam kako sve možemo da osnažimo ćerku da nikad ne pomisli da nešto ne treba ili ne sme da nam kaže. ona ima samo 4 godine, ali sve ovo je promenilo njenog i mnoge druge tate.",7,poverenje,4,0.5714,false,,"{""poverenje"": 4, ""radost"": 1, ""iščekivanje"": 1, ""Ne mogu da razumem"": 1}"
20,1,1475436142443077632,"Uuh,koliko sam ja zapravo jedna srećna žena.
Čitam ove priče #NisamPrijavila i ne mogu da verujem🥺😢

Osnaživanje,kao podrška ženama koje trpe bilo kakvo nasilje treba da dolazi od celokupne zajednice.Porodica,prijatelji,društvo mora da reaguje i obezbedi ženi siguran prostor,⬇️",7,iznenađenje,3,0.4286,false,,"{""poverenje"": 2, ""tuga"": 1, ""iznenađenje"": 3, ""radost"": 1}"
20,2,1475064010559139840,#NisamPrijavila - hešteg godine,7,Emocionalno neutralno,5,0.7143,false,,"{""poverenje"": 1, ""Emocionalno neutralno"": 5, ""Ne mogu da razumem"": 1}"
20,3,1475260969995677698,"#NisamPrijavila, jer kad se desilo, nisam imala kome.
#NisamPrijavila, jer kada sam imala kome, bojala sam se da mi neće verovati.
#NisamPrijavila i neću ali #NisamZaboravila i neću nikad. 
Mojoj ćerki sam objasnila da, NIKAD, ne dozvoli da joj bilo ko uradi nešto što ne želi!!!",7,bes,5,0.7143,false,,"{""bes"": 5, ""tuga"": 1, ""strah"": 1}"
20,4,1475545459565514753,Sve se slazem treba podici nivo svesti #NisamPrijavila ali svi preskacu #DanielaSteinfeld vi ste poverovali njihovom sudu i oslobodili ga,7,bes,5,0.7143,false,,"{""bes"": 5, ""gađenje"": 1, ""Ne mogu da razumem"": 1}"
20,5,1475267795302719491,"Išamarajte se dok vam zubi ne ispadnu vi koji mislite da je nečija odjeća legitiman povod za silovanje. 

Puna podrška za #NisamPrijavila.",7,bes,6,0.8571,false,,"{""bes"": 6, ""radost"": 1}"
20,6,1475096340426280966,"#nisamprijavila jutro posle silovanja, jer sam bila slomljena, i njihovo neverovanje i osudu da lažem ne bih preživela. Kada sam progovorila, pa bila prinuđena da učestvujem u predustražnom postupku, uprkos pregršt dokaza, desilo se isto. Samo, sada me ne mogu slomiti. #nisisama",7,strah,3,0.4286,false,,"{""bes"": 1, ""tuga"": 2, ""strah"": 3, ""Ne mogu da razumem"": 1}"
20,7,1475037536984707081,"Ovo sa #NisamPrijavila toliko kopa po najdubljim strahovima i intimi da se ujedno divim svakoj ženi koja to napiše, ali sam i doslovno prestravljen brojem i sadržajem objava. Mogu samo da zamislim kako je tek u onim svetovima bez mreža.",7,tuga,5,0.7143,false,,"{""tuga"": 5, ""strah"": 2}"
20,8,1478116057114152965,@[user] A kada si napunila 18. godina? Gde ste sada #NisamPrijavila,7,Ne mogu da razumem,4,0.5714,false,,"{""gađenje"": 2, ""Emocionalno neutralno"": 1, ""Ne mogu da razumem"": 4}"
20,9,1475059272153243648,Čitam ispovesti #NisamPrijavila i ridam.,7,tuga,7,1.0000,false,,"{""tuga"": 7}"
20,10,1475239569578733570,"Uh ne mogu vam ja noćas ovo #NisamPrijavila 🥺 pretužna je svaka priča, još tužnije su one koje su prijavile a kao da nijesu, tužno je biti žena na Balkanu oduvijek i zauvijek! Ljubav za sve moje žene na tw. ❤️🥰😘",7,tuga,5,0.7143,false,,"{""poverenje"": 1, ""tuga"": 5, ""radost"": 1}"
20,11,1475091292283674628,"#nisamprijavila kada sam bila izbacena iz kuce, a nisam imala gde da odem jer me je izolovala od svih prijatelja",7,tuga,6,0.8571,false,,"{""tuga"": 6, ""iznenađenje"": 1}"
20,12,1475161371201441795,"#Nisamprijavila jer u ovom društvu JESI SAMA. 

Podrška svim ženama koje istupaju u ovoj godini boreći se u ime svih za bolje i pravednije društvo!",7,bes,4,0.5714,false,,"{""poverenje"": 1, ""bes"": 4, ""iščekivanje"": 1, ""Ne mogu da razumem"": 1}"
20,13,1475050071989231622,"čitam ove #nisamprijavila tvitove i grozim se društva kojem je to sve normalno.
nadaš se da nije toliko posvuda. a onda se sjetiš da brišemo murale malog princa da bi nacrtali tenk.
sve je nakrivo ovdje.",7,gađenje,7,1.0000,false,,"{""gađenje"": 7}"
20,14,1475483501642330116,"Na današnjem meniju otkrijte nasilnike koji se sami prezentuju  kontrakomentarima, osuđivanjima pa čak i podsmijavanjem u postovima #NisamPrijavila",7,gađenje,4,0.5714,false,,"{""bes"": 3, ""gađenje"": 4}"
20,15,1475139226203209733,"#NisamPrijavila jer sam bila mala da razumem, i i dan danas nikome nisam rekla jer me je bilo sramota da opišem šta mi se tada desilo. Godinama sam trčala od ulaza do stana da ne bih opet doživela isto...",7,strah,5,0.7143,false,,"{""tuga"": 2, ""strah"": 5}"
20,16,1475470341438951435,"Drugi put kad čujem ""ne svi muškarci"", odgovorit ću sa ""ne svi morski psi"".

Jer vjerojatnost da te usmrti morski pas (vrsta koju smo kolektivno proglasili opasnom) je 1:3 700 000, a vjerojatnost da kao žena doživiš seksualno zlostavljanje tijekom života je 1:4.

#NisamPrijavila",7,bes,6,0.8571,false,,"{""bes"": 6, ""Emocionalno neutralno"": 1}"
20,17,1475131195067449358,"#NisamPrijavila Ne, ne sviđa mi se tekst Biljane Srbljanović zbog poslednjeg pasusa jer smatram da je ovu užasnu temu zloubotrebila za politički obračun sa nekom davnom vlašću, a pri tome ni reči o sadašnjoj koja je nasilje uvela i svesno ga podstiče u svakom segmentu društva.",7,bes,6,0.8571,false,,"{""bes"": 6, ""gađenje"": 1}"
20,18,1475045125764141059,"Pokusala sam u 2 navrata da citam #nisamprijavila ali bukvalno nisam mogla. Taj osjecaj anksioznosti straha, bjesa, nemoci, bola u zelucu, preznajanja koji mi se javlja samo dok citam ovo duplira mi se od pomisli da su ovo stvarne, prozivljene price.",7,tuga,4,0.5714,false,,"{""bes"": 1, ""tuga"": 4, ""strah"": 2}"
20,19,1475549965225242627,"@[user] @[user] @[user] Ima, tu su svi tvoji tvitovi s hashtagom #NisamPrijavila!",7,Ne mogu da razumem,5,0.7143,false,,"{""Emocionalno neutralno"": 2, ""Ne mogu da razumem"": 5}"
20,20,1475078194269204491,"Zabolelo me je svako 'mislilala sam da sam ja kriva' iz #nisamprijavila tvitova. Ne draga, nisi ti kriva. Mi kao društvo smo krivi. Krivi smo što dozvoljavamo da se devojčice uče 'da su dečaci takvi i da je to normalno'. Odatle počinje.",7,tuga,5,0.7143,false,,"{""poverenje"": 1, ""bes"": 1, ""tuga"": 5}"
20,21,1475156019256905736,"#NisamPrijavila jer sam imala oko 11 godina kada me je čovek u crnom pratio svakoga dana od muzičke škole pa do baleta,u sred dana.Odmah sam rekla roditeljima i od tada je tata dolazio i po mene i po drugarice.Tada su drugarice rekle da se to njima dogadja već neko vreme,",7,poverenje,3,0.4286,false,,"{""poverenje"": 3, ""strah"": 2, ""Emocionalno neutralno"": 2}"
20,22,1475147488021651456,"Treba imati snage... svaka čast i puna podrška za #NisamPrijavila !!!

Neka izgori sve što ionako nije zaslužilo biti više od tog pepela",7,bes,3,0.4286,false,,"{""poverenje"": 2, ""bes"": 3, ""gađenje"": 1, ""iščekivanje"": 1}"
20,23,1475244623249428483,"Svaka cast ovim divnim damama na tw sto su podelile svoju ispovest na temu #nisamprijavila mozda se bar malo nesto pomeri vezano za zastitu zena... Hvala na hrabrosti, treba stisnuti petlju i reci, ne moze ni to svako👏👏👏",7,iščekivanje | radost,2,0.2857,true,iščekivanje | radost,"{""poverenje"": 1, ""iznenađenje"": 1, ""radost"": 2, ""iščekivanje"": 2, ""Ne mogu da razumem"": 1}"
20,24,1475529705394683906,@[user] Zahvaljujuci kampanji #NisamPrijavila saznaces. To i jeste cilj.,7,Emocionalno neutralno,3,0.4286,false,,"{""poverenje"": 2, ""bes"": 1, ""Emocionalno neutralno"": 3, ""Ne mogu da razumem"": 1}"
20,25,1475614567980019718,"Danas čovjek u mom rodnom gradu ubio svou ženu sačmaricom pred djetetom, pa onda ubio sebe. Nije se mogao pomiriti s tim da ga je žena htjela ostaviti. Scena se dešavala i ranije ali nije prijavila. #NisamPrijavila",7,Emocionalno neutralno,4,0.5714,false,,"{""tuga"": 1, ""iznenađenje"": 1, ""Emocionalno neutralno"": 4, ""Ne mogu da razumem"": 1}"
20,26,1475173034818420747,"To što ti nijesi imao slična iskustva, ne znači da su priče iz #NisamPrijavila lažne. Budi srećan što nijesi i pruži podršku ovima što jesu",7,bes,4,0.5714,false,,"{""poverenje"": 1, ""bes"": 4, ""gađenje"": 1, ""Ne mogu da razumem"": 1}"
20,27,1475068135673839623,"ujutru je doruckovao sa svima kao da se nista nije dogodilo. ja sam pokupila stvari, otisla kuci, izdvojila se iz tog drustva kompletno i potisnula sve sto se desilo. drugarici sam priznala tek godinama kasnije kada vise nije bila sa tim deckom. #NisamPrijavila",7,tuga,3,0.4286,false,,"{""tuga"": 3, ""strah"": 1, ""Emocionalno neutralno"": 1, ""Ne mogu da razumem"": 2}"
20,28,1475247295927095298,"#nisamprijavila imala sam 17 godina, on 26.nevina glupa. On na hleb da ga mazes. Naravno krila sam od mame i tate da imam tako starijeg decka. Odlucim da raskinem i tu krecu pretnje kako ce doci na moju adresu ako istog trena ne dodjem u njegov kraj (zima, dva sata voznje)",7,strah,6,0.8571,false,,"{""tuga"": 1, ""strah"": 6}"
20,29,1475510423789182984,"Pisala sam ovde par puta svoja #NisamPrijavila 
Samo ću ovaj put dodati, da nismo mnogo pobegli od Nečiste krvi i ako je bila pre 100 god",7,bes | gađenje,2,0.2857,true,bes | gađenje,"{""bes"": 2, ""tuga"": 1, ""gađenje"": 2, ""Emocionalno neutralno"": 1, ""Ne mogu da razumem"": 1}"
20,30,1475050144261410819,Razbolela sam se čitajući #nisamprijavila,7,tuga,5,0.7143,false,,"{""tuga"": 5, ""gađenje"": 1, ""Ne mogu da razumem"": 1}"
20,31,1475052677067386888,"Ovo #NisamPrijavila je tako mučno čitati, da mi se sve prevrće u stomaku.
Ne samo zato što imam ćerku, nego razmišljam jesam li i ja svojim ponašanjem ovako povredio nekog.",7,tuga,3,0.4286,false,,"{""tuga"": 3, ""iznenađenje"": 1, ""strah"": 1, ""gađenje"": 2}"
20,32,1475422850295214080,"#NisamPrijavila jer je pobjegao prije nego sam mu uspjela vidjeti lice, jer ne znam tko je.",7,Emocionalno neutralno,3,0.4286,false,,"{""tuga"": 1, ""strah"": 2, ""Emocionalno neutralno"": 3, ""Ne mogu da razumem"": 1}"
20,33,1475374013186818048,"систем не верује ни мртвој жени, а камоли живој жени #NisamPrijavila",7,bes,4,0.5714,false,,"{""bes"": 4, ""gađenje"": 3}"
20,34,1475159971423821834,"#nisamprijavila jer sam mislila da mogu sama sa njim da se izborim bez mesanja sebi bilskih ljudi. Nisam prijavila jer mi je pretio kako ce te iste meni bliske ljude da maltretira i sikanira. Godine su mi bile potrebne da izadjem iz tog pakla,posledice i dalje osecam...",7,strah,5,0.7143,false,,"{""tuga"": 1, ""strah"": 5, ""iščekivanje"": 1}"
20,35,1475051403777351683,"sam ušla u taj auto. Moji nikada nisu saznali. Dečko me je ošamario jer sam ga ""iznervirala"" i iz te veze sam se izvukla i naravno #nisamprijavila",7,Ne mogu da razumem | strah | tuga,2,0.2857,true,Ne mogu da razumem | strah | tuga,"{""tuga"": 2, ""strah"": 2, ""Emocionalno neutralno"": 1, ""Ne mogu da razumem"": 2}"
20,36,1475549095796301828,"Prijavila sam.
Svaki put.
Nastavnika i profesora fizičkog koji su dirali učenice, nekoliko momaka svojih drugarica, drugaricinog šefa, likove koji su me spopadali kad sam radila u kafani, lika koji me je pipao u autobusu...
Nikog nije bilo briga.
#NisamPrijavila",7,bes | tuga,3,0.4286,true,bes | tuga,"{""bes"": 3, ""tuga"": 3, ""gađenje"": 1}"
20,37,1475563482904989701,USKOK i Gabika Žalac takođe podržavaju #NisamPrijavila,7,Emocionalno neutralno,5,0.7143,false,,"{""Emocionalno neutralno"": 5, ""Ne mogu da razumem"": 2}"
20,38,1475121835956224005,#NisamPrijavila jer ne znam ni odakle da počnem. Mlađi dani su i dalje bolna tačka i jer tada nisam znala,7,tuga,6,0.8571,false,,"{""poverenje"": 1, ""tuga"": 6}"
20,39,1475493284999016451,"Nakon masovnih, jezivih, ispovesti pod #NisamPrijavila upućujem poziv našim POLICAJCIMA.
Neke od tih žena mogu biti vaše majke ili sestre ili ćerke...
Elem, želim da vas ohrabrim da vi pod npr #NisamReagovao opišete zašto ne radite svoj posao, ko vas plaši-ugrožava. Ako ste časni",7,bes,5,0.7143,false,,"{""bes"": 5, ""gađenje"": 1, ""iščekivanje"": 1}"
20,40,1475349494497779712,#NisamPrijavila znaci naklon do dole na site...,7,Ne mogu da razumem,4,0.5714,false,,"{""poverenje"": 1, ""iznenađenje"": 2, ""Ne mogu da razumem"": 4}"
20,41,1475401192276639745,"@[user] Trenutni tragi-komičan sastav ne može ništa da shvati, osim da ponavljaju kao papagaji naručene floskule #NisamPrijavila A šta ćemo sa bunga-bunga žurkama i Palmom i ostalim učesnicima zabava? Tu aferu bi trebalo pogurati.",7,Ne mogu da razumem,4,0.5714,false,,"{""bes"": 2, ""gađenje"": 1, ""Ne mogu da razumem"": 4}"
20,42,1475053233638977537,"#nisamprijavila da me je pokrao i uz to mi i ostao dužan izvjesnu sumu novca,jer me bilo sramota njegove sramote,al sam odmah šutnula raspada ljudskog
A onda sam poslije svega,kao što to obično biva,saznala za iste scenarije s bivšim mu đevojkama,koje su potpuno ok i na mjestu",7,bes,5,0.7143,false,,"{""bes"": 5, ""gađenje"": 1, ""Ne mogu da razumem"": 1}"
20,43,1475071218319564801,"Meni je ubedljivo najtužnije sa ovom #NisamPrijavila pričom što i da jesu prijavile institucije verovatno ne bi uradile ništa, i to je najveći poraz ove države. Žene to znaju i zato i ne prijavljuju.",7,tuga,6,0.8571,false,,"{""bes"": 1, ""tuga"": 6}"
20,44,1475379633839349763,"Zbog svih ovih #nisamprijavila priča, i zbog sopstvenog iskustva koje #NisamPrijavila jer sam debilu na prvu pokazala zube i poslala ga mami na prevaspitavanje, nikada neću da se udam ili vežem za nekog jer sam prestravljena na kakvu budaletinu mogu da naletim. 👇",7,bes,4,0.5714,false,,"{""poverenje"": 1, ""bes"": 4, ""strah"": 1, ""gađenje"": 1}"
20,45,1475626463575658502,"#NisamPrijavila  psihičko maltretiranje koje trpim ceo život manje više od strane kojekakvih  ""mudonja""",7,bes,4,0.5714,false,,"{""bes"": 4, ""gađenje"": 1, ""Emocionalno neutralno"": 2}"
20,46,1475034666889535490,"Čitamo #NisamPrijavila i kažemo svim ženama da im verujemo, da su veće od traume koje su doživele. Stvorićemo društvo gde su žene bezbedne i slobodne. Jak ženski glas će srušiti ovaj sistem koji nam ne dozvoljava da razvijemo sve svoje kapacitete.",7,iščekivanje,4,0.5714,false,,"{""poverenje"": 2, ""iščekivanje"": 4, ""Ne mogu da razumem"": 1}"
20,47,1475501422540120064,"#NisamPrijavila jer sam mislila da je ovo normalno. Nisam prijavila jer sam mislila da hoce da mi pomogne.
Nisam prijavila jer sam verovala svojoj porodici.",7,tuga,5,0.7143,false,,"{""tuga"": 5, ""iznenađenje"": 2}"
20,48,1475159443927142400,#Nisamprijavila me toliko istrigerovao da ne mogu da dočekam sutrašnji termin terapije da izvrištim to iz sebe,7,bes,4,0.5714,false,,"{""poverenje"": 1, ""bes"": 4, ""strah"": 2}"
20,49,1475450767469387776,"#NisamPrijavila je poraz našeg društva!Žrtve nasilja nemaju povjerenja u institucije, koje bi trebalo da nas štite od nasilja,mali broj žena koje prijavi nasilje izložen je dodatnom institucionalnom nasilju.

Drage žene i djevojke važno je da ste progovorile
#ŠutnjaNasNeŠtiti",7,bes,4,0.5714,false,,"{""bes"": 4, ""iznenađenje"": 1, ""gađenje"": 2}"
21,0,1475100434650263557,"Читам #nisamprijavila ознаку, подсећам се колико психопата, манијака чучи у наизглед допадљивим, пријатним, успешним људима
Језиво...",4,iznenađenje,2,0.5000,false,,"{""iznenađenje"": 2, ""strah"": 1, ""gađenje"": 1}"
21,1,1475369498953891842,"#NisamPrijavila kada je nastavnik iz srpskog u 7. osnovne izvređao nas, devojčice, a nekima lupio i šamare jer smo imale kratku kosu i repiće pozadi i sa strane. Jednoj je i odsekao repić na času. Ta devojčica je nakon toga promenila školu. Nama, ostalima, je to bilo normalno.",4,strah,2,0.5000,false,,"{""strah"": 2, ""gađenje"": 1, ""Ne mogu da razumem"": 1}"
21,2,1475355789011398660,"Vec sam jednom pisala ovde o tome, #NisamPrijavila jer me je bilo sramota. Komsija, ugledan clan drustva koji voli da dodiruje tinejdzerke.",4,strah,2,0.5000,false,,"{""bes"": 1, ""strah"": 2, ""gađenje"": 1}"
21,3,1475174625520852994,"Žene koje nemate šta da prijavite, ipak podržite #nisamprijavila jer ako nisi ti doživela otkud znaš da nije tvoja mama, baba, sestra, kuma, ćerka. Otkud znaš da neće? 
A ove koje lajkaju morone, nećete se udati jadne ako ih podržavate. Naučite se na bolje.",4,bes | gađenje,2,0.5000,true,bes | gađenje,"{""bes"": 2, ""gađenje"": 2}"
21,4,1475487121725140998,Cekali su me to vece na stanici Novi Beograd i istog momenta odveli u policiju…i hvala im zauvek na tome jer podrska roditelja je navaznija u tim godinama…A on je bio kondukter u vozu Novi Sad-Beograd i mislim da cu se uvek secati tog straha….#NisamPrijavila,4,poverenje | strah,2,0.5000,true,poverenje | strah,"{""poverenje"": 2, ""strah"": 2}"
21,5,1479540201236189189,@[user] Citam i ne verujem sta citam. A uglavnom to pisu isti oni koji su nedavno pisali sasvim suprotno uz #nisamprijavila Glavni argument im je i ona je maltretirala i pljuvala mnoge. Pa uglavnom nesrecni ljudi tako i lece svoje frustracije. Da ne verujes sta ljudi pisu.,4,iznenađenje,3,0.7500,false,,"{""iznenađenje"": 3, ""gađenje"": 1}"
21,6,1479114014793764868,"@[user] Dačo svaka ti je kao u Njegoša. Mislio sam baš da idem na proteste ali me nekako više boli #nisamprijavila, Igor Jurić i šta rade njegovom pokojnom detetu, Rio Tinto, i tako u nedogled...",4,tuga,4,1.0000,false,,"{""tuga"": 4}"
21,7,1475483842744143875,"Svi ovi #NisamPrijavila tvitovi i stvari zbog kojih ni majka ni ja nismo prijavile su mi vetar u leđa da završim studije i, nadam se, donesem malo pravde ženama i ovoj mučenoj zemlji
Do tad samo acab",4,iščekivanje,3,0.7500,false,,"{""tuga"": 1, ""iščekivanje"": 3}"
21,8,1475180108021485568,"#NisamPrijavila jer mi je mama rekla da nema novca da se odvojimo od nasilnog oca, jer je rekla da će moja baka i moj deka biti razočarani i tužni čak i ako su znali za sve, jer sam bila uplašena, jer sam bila još ""dete koje ništa ne zna""...",4,strah,4,1.0000,false,,"{""strah"": 4}"
21,9,1475164455147380745,#NisamPrijavila jer sam policajac. Žene policajce valjda muževi ne tuku. Ili samo u to ni jedna institucija u ovoj zemlji ne veruje.,4,Emocionalno neutralno | Ne mogu da razumem | strah | tuga,1,0.2500,true,Emocionalno neutralno | Ne mogu da razumem | strah | tuga,"{""tuga"": 1, ""strah"": 1, ""Emocionalno neutralno"": 1, ""Ne mogu da razumem"": 1}"
21,10,1475107204919353347,"@[user] Vreme je da prijavimo, makar na hashtagu #nisamprijavila kako bi se video obim ovog problema. Mnogi na #caosvima su anonimni, vecinom zene, tako da ko zeli moze da ovde da prijavi. Da otvorim svojom pricom 👇👇",4,iščekivanje,2,0.5000,false,,"{""poverenje"": 1, ""iščekivanje"": 2, ""Emocionalno neutralno"": 1}"
21,11,1475047002086035459,Ako nakon pokretanja #NisamPrijavila ne usledi naše preispitivanje zašto #NisamPrimetio i zašto institucije #NisuReagovale onda je definitivno problem u nama.,4,Ne mogu da razumem | bes | gađenje | iščekivanje,1,0.2500,true,Ne mogu da razumem | bes | gađenje | iščekivanje,"{""bes"": 1, ""gađenje"": 1, ""iščekivanje"": 1, ""Ne mogu da razumem"": 1}"
21,12,1475076604158226435,toliko se divim svim ženama koje su tvitovale #NisamPrijavila,4,radost,3,0.7500,false,,"{""radost"": 3, ""iščekivanje"": 1}"
21,13,1475119675386249221,#NisamPrijavila jer mi je bilo 8 godina i on je bio moj otac.,4,tuga,2,0.5000,false,,"{""tuga"": 2, ""strah"": 1, ""Emocionalno neutralno"": 1}"
21,14,1475510636553641986,"#NisamPrijavila jer se desilo kad san bila dosta mala, 5-6 godina. Nisan imala pojma sta se tad desilo, meni se činilo da je to sta mi je on (didov rođak, sad vec mrtav možda 10-ak god.) napravija normalno. On mi je na katu u sobi nešto u početku pokaziva, dok su moja mater i /",4,Ne mogu da razumem | tuga,2,0.5000,true,Ne mogu da razumem | tuga,"{""tuga"": 2, ""Ne mogu da razumem"": 2}"
21,15,1475393481086574598,"#NisamPrijavila Bila je noć, kafana, malo se popilo. Igrala sam sa njegovim drugom, sela, povukao me za kosu, na kvarno udario u vilicu. Ustao i ko pička pobegao. Otišla sam kući, popričala sa prijateljima. Otišla na pregled, prijavila ga. Dobio zabranu prilaska",4,Emocionalno neutralno | bes | gađenje | radost,1,0.2500,true,Emocionalno neutralno | bes | gađenje | radost,"{""bes"": 1, ""gađenje"": 1, ""radost"": 1, ""Emocionalno neutralno"": 1}"
21,16,1476734211876958218,@[user] Retaaard kad je napisao pre par dana #nisamprijavila nisam mogla da verujem sta poredi budaletina!! Teraj to u kurac bolesnik!,4,bes,4,1.0000,false,,"{""bes"": 4}"
21,17,1475251300161961994,"@[user] Pitam se samo odakle pravo da se ukljucuju na #NisamPrijavila svi oni koji su po medijima razvlacili glumice koje su prijavile “uticajne” likove…
Dvojni moral bez morala!",4,bes | gađenje,2,0.5000,true,bes | gađenje,"{""bes"": 2, ""gađenje"": 2}"
21,18,1477776149988225025,"Veceras smo culi dosta korisnih saveta, drugaciji je spejs bio od prethodnog. Nastavicemo da se bavimo ovom temom i dalje. Hvala svima koji su ucestvovali, podelili svoju pricu, savet ili samo slusali.
#NisamPrijavila
#nisisama",4,poverenje,3,0.7500,false,,"{""poverenje"": 3, ""radost"": 1}"
21,19,1475490333278576641,@[user] @[user] Nažalost ovo je jedini način jer da se nije oglasila sestra ove devojke i ona bi bila samo još jedna u nizu #nisamprijavila ....,4,tuga,3,0.7500,false,,"{""poverenje"": 1, ""tuga"": 3}"
21,20,1475270232625319937,#NisamPrijavila jer nisam prepoznala seksualno zlostavljanje,4,Emocionalno neutralno | Ne mogu da razumem | iznenađenje | tuga,1,0.2500,true,Emocionalno neutralno | Ne mogu da razumem | iznenađenje | tuga,"{""tuga"": 1, ""iznenađenje"": 1, ""Emocionalno neutralno"": 1, ""Ne mogu da razumem"": 1}"
21,21,1475526091896991750,"Nikada #NisamPrijavila psihičko zlostavljanje od strane mog zeta kada sam imala svega 8 godina, a kasnije kada sam bila u pubertetu komentariao moje noge. Koji je moju sestru nasilno odvojio od naše porodice, za kog smo čuli da ju je maltretirao.",4,tuga,2,0.5000,false,,"{""tuga"": 2, ""Emocionalno neutralno"": 1, ""Ne mogu da razumem"": 1}"
21,22,1475172397473013760,upravo citam #NisamPrijavila i ne mogu da vjerujem kroz sta zene prolaze divim se svakoj ikad❤️,4,radost,2,0.5000,false,,"{""poverenje"": 1, ""iznenađenje"": 1, ""radost"": 2}"
21,23,1475536725531320321,"#nisamprijavila razmišljam koliko je žena ovde iskusilo i videlo dečake u osnovnoj školi kako savatavaju devojčice/zadižu im suknje, majice. Koliko ih je bilo kažnjeno? Koliko su čule ""to su dečaci, proći će ih"" i ""ne bi te dirali da nisi lepa"" tokom odrastanja.
Učimo dečake da",4,gađenje,2,0.5000,false,,"{""bes"": 1, ""tuga"": 1, ""gađenje"": 2}"
21,24,1476606761104814091,"Nije pitanje zasto #NisamPrijavila, nego je pitanje ima li itko dobro iskustvo s prijavom da bar jednom cujemo da se isplatila. Svaka cast žene!",4,radost,2,0.5000,false,,"{""strah"": 1, ""radost"": 2, ""Ne mogu da razumem"": 1}"
21,25,1475184248520949761,"#NisamPrijavila 
Čitam tvitove, šokiran sam i besan. Ali onda naletim na trule priče gde je neko nekog ružno gledao u busu itd. Nemojte čisto da biste nešto napisali da pišete gluposti i time jebeno obesmišljavate ceo ovaj pokret. Ovo je ozbiljno i zna se na šta se ovo odnosi.",4,bes,4,1.0000,false,,"{""bes"": 4}"
21,26,1475416141090758664,"Postoji li jedna iskrena inicijativa, kojoh je cilj samo pomoć/korist za neku grupaciju i ne sadrži direktan napad na Srbiju i/ili SPC,
a da je u njoj učestvovala Staša #NisamPrijavila Zajević?",4,Emocionalno neutralno | bes,2,0.5000,true,Emocionalno neutralno | bes,"{""bes"": 2, ""Emocionalno neutralno"": 2}"
21,27,1475439922043572229,"#NisamPrijavila bezbroj puta, ali JESAM PRIJAVILA nedavno ljigave nasilno-seksističke komentare na radnom mjestu.  Uz malo oklijevanja, oformljena je komisija i ljigavcu izrečena opomena i naloženo da mi se izvini - primjereno nedjelu.  MEĐUTIM, u zapisnik komisije uvrštene su...",4,bes,2,0.5000,false,,"{""poverenje"": 1, ""bes"": 2, ""Emocionalno neutralno"": 1}"
21,28,1475036401125236736,@[user] Prvi tvit za #NisamPrijavila je postavljen pre manje od 24h. Još gore.,4,Ne mogu da razumem,2,0.5000,false,,"{""tuga"": 1, ""Emocionalno neutralno"": 1, ""Ne mogu da razumem"": 2}"
21,29,1475112441210146816,"@[user] @[user] #NisamPrijavila  dečka s kojim sam bila 3 godine (17-20) Psihički me zlostavljao, vrijeđao, kontrolirao.. kad sam napokon skupila snage i hrabrosti da odem uhvatio me toliko jako za ruke da su mi ostale modrice, samo da ne odem, sigurna sam da sam da bi me i udario da sam ostala.",4,strah,3,0.7500,false,,"{""tuga"": 1, ""strah"": 3}"
21,30,1475018934101417985,"#nisamprijavila Savet muškarcima: čitajte, ali nemojte da se pretvarate da ste razumeli. Niste. Nekoliko hiljada godina smo učeni da ne razumemo. Ne postavljajmo glupa i suvišna pitanja, samo im pružimo podršku uvek i svugde.",4,poverenje,2,0.5000,false,,"{""poverenje"": 2, ""bes"": 1, ""tuga"": 1}"
21,31,1475462058686750724,"Vidim da se #nisamprijavila u kratkom roku pretvorilo dobrim delom u ,,kulturni rat"" - diskusije o srpstvu, patrijarhatu, kakav je profil onih koji relativizuju ili propagiraju hešteg, bla bla bla. Svaka čast na potpunom promšaju poente, stvarno. A da se fokusiramo na bitne",4,bes | gađenje,2,0.5000,true,bes | gađenje,"{""bes"": 2, ""gađenje"": 2}"
21,32,1475160096221052928,"Važne su kampanje #NisamPrijavila, ali one su kratkog daha. Treba svaki dan hrabro ići kroz život, ne dati na sebe, prijavljivati nasilje, bodriti zastrašene i uplašene. Svaki dan je prilika da budemo ljudi.",4,iščekivanje | poverenje,2,0.5000,true,iščekivanje | poverenje,"{""poverenje"": 2, ""iščekivanje"": 2}"
21,33,1475241591631720450,"čitajući #nisamprijavila iskustva i zbog same činjenice da su mnogobrojna, poželim apsolutnu izolaciju od dodira ostatak života",4,strah,2,0.5000,false,,"{""tuga"": 1, ""strah"": 2, ""gađenje"": 1}"
21,34,1475748993569275906,"@[user] Strašno je kad između #prijavilasam i #NisamPrijavila...gotovo da nema razlike. E, to je opasno.",4,gađenje | iznenađenje | strah | tuga,1,0.2500,true,gađenje | iznenađenje | strah | tuga,"{""tuga"": 1, ""iznenađenje"": 1, ""strah"": 1, ""gađenje"": 1}"
21,35,1476286311971622915,@[user] Ovo je uzas na kugli zemaljskoj. 😔  #NisamPrijavila,4,tuga,3,0.7500,false,,"{""tuga"": 3, ""gađenje"": 1}"
21,36,1475044982021136384,"#NisamPrijavila prijavljujte sve, jer Vaše prijave znače mnogo!",4,iščekivanje,3,0.7500,false,,"{""poverenje"": 1, ""iščekivanje"": 3}"
21,37,1475360693897605123,"#NisamPrijavila jer su mi rekli da nemam pravo, jer sam sigurno necim sama izazvala, jer je to tako bilo oduvijek, jer samo luda osoba zeli unistit obitelj covjeku, jer sam krivo shvatila,..
#NisamPrijavila jer zivim u Hrvatskoj u 21. stoljecu.",4,bes,2,0.5000,false,,"{""bes"": 2, ""tuga"": 1, ""strah"": 1}"
21,38,1475553974879203330,"I dalje se ježim na #nisamprijavila tvitove.

Svoj ne smem ni da napišem!",4,strah,2,0.5000,false,,"{""tuga"": 1, ""strah"": 2, ""gađenje"": 1}"
21,39,1475121148463562752,"@[user] Sa svakim novim #nisamprijavila tvitom raste bes u meni, bes što nisam bio u prilici da sprečim, bes zbog nemoći da pomognem. Želim da se više nikome ne dogodi, i da podrška nikad ne izostane, i ako nešto znači, želim da znaš da više nisi sama, sad imaš nas. Srce i podrška!❤❤❤",4,poverenje,2,0.5000,false,,"{""poverenje"": 2, ""bes"": 1, ""radost"": 1}"
21,40,1475715261072396292,"Zašto žene čekaju?
""Žene ne čekaju, naša kultura ih ne čuje""  A.M.

#NisamPrijavila",4,bes,2,0.5000,false,,"{""bes"": 2, ""tuga"": 1, ""Ne mogu da razumem"": 1}"
21,41,1475204685355270149,bože čitam #nisamprijavila i plačem,4,tuga,4,1.0000,false,,"{""tuga"": 4}"
21,42,1476236288810496009,"Kasno uveče čujem kako je sa jedne strane sobe vuče na drugu. Ona zapomaže sa poda, čujem jer je tik uz plafon, u ćošku. Nije prvi put da policija izlazi na teren. Sve komšije čuju. Prijavila sam, ali ništa....
#NisamPrijavila",4,tuga,2,0.5000,false,,"{""tuga"": 2, ""gađenje"": 1, ""iščekivanje"": 1}"
21,43,1475219214956994562,"#NisamPrijavila kad me oženjeni kum moje drugarice napao u kolima posle njihove slave. Vozio nas troje kući, ja ostala poslednja  (jbg Jerković). Dok mi je gurao glavu ka svom međunožju, lupila ga štiklom među oči i pobegla. Otišla kući hramajući preko Plavog mosta bez cipele.",4,strah,2,0.5000,false,,"{""tuga"": 1, ""strah"": 2, ""gađenje"": 1}"
21,44,1479450491213996038,"@[user] licemerno je što su do pre dve nedelje podržavali #nisamprijavila, a sad odjednom krive ženu samo zato što je poznata ličnost koju ne vole",4,gađenje,3,0.7500,false,,"{""bes"": 1, ""gađenje"": 3}"
21,45,1475062935504531461,"#NisamPrijavila - sa posledicama trauma,  preživele/i seksualnog nasilja nose se godinama. Obezbediti sistemsku podršku, uključujući i širenje mreže psihosocijalne podrške u zajednici, od krucijalne je važnosti. 
#mentalnozdravlje #podrška #nisisama #nisisam",4,poverenje,2,0.5000,false,,"{""poverenje"": 2, ""iščekivanje"": 1, ""Emocionalno neutralno"": 1}"
21,46,1475437184572444677,"#NisamPrijavila jer je manipulator koji uvijek pričom pridobije ljude na svoju stranu. Ili jer su mu roditelji važni ljudi u gradu.
Šutila sam jer kad zamislim da moja majka zna osjetim koliko bi je bolilo. Uz sve probleme u životu koje ima, ja sam pred njom uvijek bila sretna...",4,strah,3,0.7500,false,,"{""tuga"": 1, ""strah"": 3}"
21,47,1475196040055824384,"Kada jesam prijavila, prvo pitanje u policiji je bilo “A čime ste ga izazvali, nemoguće da je iz čista mira!?” Zato, #NisamPrijavila jeste uobičajeno kod nas, ali i jako poražavajuće. Moj problem je bio majušan u odnosu na ovo što sada isplivava. Tužan smo mi narod. I glup. 😞",4,bes | tuga,2,0.5000,true,bes | tuga,"{""bes"": 2, ""tuga"": 2}"
21,48,1475163274358538246,пуни љубави шаљем мојим девојкама. #NisamPrijavila ❤️,4,poverenje | radost,2,0.5000,true,poverenje | radost,"{""poverenje"": 2, ""radost"": 2}"
21,49,1475172336580108296,"Dok čitam sve ove  #NisamPrijavila priče, prisećam se prošlosti, za koju mi je trebalo dosta vremena da je potisnem negde, saosećam se sa svim devojkama/ženama, ali isto tako i muškarcima koji prolaze kroz bilo kakvo nasilje, bilo to fizičko ili psihičko isto je!❤️",4,tuga,2,0.5000,false,,"{""poverenje"": 1, ""tuga"": 2, ""radost"": 1}"
